n,num_triangulations,num_snakes,num_diagonals,packing_number,packing_upper_bound,witness_size,bound_attained,num_resolutions,count_k_0,count_k_1,count_k_2,count_k_3,count_k_4,count_k_5,count_k_6,count_k_7,count_k_8,ilp_packing_number,ilp_seconds
4,2,2,2,2,2,2,True,1,1,2,1,,,,,,,2,0.0
5,5,5,5,2,2,2,True,,1,5,5,,,,,,,2,0.0
6,14,12,9,3,3,3,True,2,1,14,34,2,,,,,,3,0.0
7,42,28,14,3,3,3,True,,1,42,273,77,,,,,,3,0.0
8,132,64,20,4,4,4,True,4,1,132,2436,2472,4,,,,,4,0.0
9,429,144,27,4,4,4,True,,1,429,23391,77576,2133,,,,,4,0.0
10,1430,320,35,5,5,5,True,8,1,1430,237090,2470600,409565,8,,,,5,0.0
11,4862,704,44,5,5,5,True,,,,,,,,,,,5,0.0
12,16796,1536,54,6,6,6,True,16,,,,,,,,,,6,0.0
13,58786,3328,65,6,6,6,True,,,,,,,,,,,,
14,208012,7168,77,7,7,7,True,32,,,,,,,,,,,
15,742900,15360,90,7,7,7,True,,,,,,,,,,,,
16,2674440,32768,104,8,8,8,True,64,,,,,,,,,,,
